{"epoch": [0, 1, 2, 3, 4, 5, 6, 7, 8, 9, 10, 11, 12, 13, 14, 15, 16, 17, 18], "p": [0.9600182398540812, 0.9703652092080498, 0.9783854593089897, 0.9801531843839048, 0.9828660436137072, 0.9830732946298985, 0.9839870587807626, 0.9837460455983419, 0.9840002905736105, 0.9844427673870941, 0.9845628253936525, 0.9835509304203449, 0.9839342475706112, 0.9833011679215707, 0.9839090051520208, 0.9841766412767501, 0.9837412396964306, 0.9838187408730986, 0.9842352171066987], "r": [0.9535741138317435, 0.9714288302488427, 0.9742642063211675, 0.9784040365609515, 0.9774438133543495, 0.9817285829460735, 0.980822711996449, 0.9802973068456667, 0.9816470545606073, 0.980786477158464, 0.981601761013126, 0.9820184616499533, 0.9814296455326974, 0.9830873893705103, 0.982634453895698, 0.983187035174969, 0.9816470545606073, 0.9825710429292243, 0.9806777726445091], "f": [0.9567853263709946, 0.9708967284283146, 0.9763204836667166, 0.9792778294081647, 0.980147429521331, 0.9824004786272101, 0.9824023372817304, 0.9820186483359423, 0.9828222639421725, 0.9826112210262647, 0.9830800635064639, 0.9827840986356011, 0.9826803506560061, 0.9831942670254306, 0.9832713164943641, 0.9836815893343485, 0.9826930314173397, 0.9831944960614932, 0.9824532745266197]}
